id,en,vi
"New Game","New Game","Chơi Mới"
"Continue","Continue","Tiếp Tục"
"Load Game","Load Game","Tải Game"
"Settings","Settings","Cài Đặt"
"Quit","Quit","Thoát"
"Save","Save","Lưu"
"Back","Back","Quay Lại"
"Confirm","Confirm","Xác Nhận"
"Cancel","Cancel","Hủy"
"Character","Character","Nhân Vật"
"Inventory","Inventory","Túi Đồ"
"Combat","Combat","Chiến Đấu"
"Cultivate","Cultivate","Tu Luyện"
"Realm","Realm","Cảnh Giới"
"Qi","Qi","Linh Khí"
"Health","Health","Sinh Lực"
"Attack","Attack","Tấn Công"
"Defense","Defense","Phòng Thủ"
"Agility","Agility","Thân Pháp"
"Language","Language","Ngôn Ngữ"
"Vietnamese","Vietnamese","Tiếng Việt"
"English","English","Tiếng Anh"